"","ONTOLOGY","ID","Description","GeneRatio","BgRatio","pvalue","p.adjust","qvalue","geneID","Count"
"GO:0006814","BP","GO:0006814","sodium ion transport","27/580","245/18723",1.20871624825791e-08,5.52745940328343e-05,4.80432900360197e-05,"GPD1L/SLC34A2/SLC5A6/ASIC2/CNTN1/SLC9A7/WNK1/WNK2/SLC6A6/AHCYL1/PER1/SLC6A9/SCN3A/STK39/SLC4A4/PTPN3/ATP1A1/TPCN1/SCN9A/SLC3A2/SERPINE2/SCNN1G/SLC38A2/P2RX7/SLC13A5/DRD2/KCNE3",27
"GO:0042060","BP","GO:0042060","wound healing","36/580","422/18723",4.40162802919735e-08,0.000100643224887597,8.74765654644694e-05,"SERPINA1/ABCC8/TGFA/DGKG/FERMT1/PRKCA/PLA2G4A/TLR4/MAP3K5/RREB1/ABAT/WNT7A/DMTN/CFLAR/DGKA/PIK3CB/PDGFA/PPL/CD9/TFPI/F2RL1/TMEFF2/ITGB6/F2R/TEC/SERPINE2/SDC1/SDC4/THBS1/VAV3/CLDN1/WNT5B/VIL1/TXK/SERPIND1/KNG1",36
"GO:0002064","BP","GO:0002064","epithelial cell development","24/580","220/18723",9.50719410139422e-08,0.000114750913354867,9.97386142525301e-05,"ADAMTSL4/SPDEF/EXPH5/COL22A1/PDE4D/PLS1/RAPGEF2/AKR1B1/WNT7A/FLNB/WDPCP/PALLD/RHEB/JAG1/SOD1/MARVELD2/F2RL1/PLCB1/MAGI2/SDC1/CLDN1/POF1B/WNT5B/PKHD1",24
"GO:0050878","BP","GO:0050878","regulation of body fluid levels","33/580","379/18723",1.00372546122779e-07,0.000114750913354867,9.97386142525301e-05,"SERPINA1/HK2/GRHL1/DGKG/PRKCA/WNK1/PLA2G4A/TLR4/AKR1B1/ABAT/CAD/STK39/DMTN/DGKA/PIK3CB/STMN1/PDGFA/CD9/TFPI/F2RL1/F2R/TEC/SERPINE2/SCNN1G/ADORA1/THBS1/PTPRO/VAV3/CLDN1/TXK/SERPIND1/DRD2/KNG1",33
"GO:0072001","BP","GO:0072001","renal system development","28/580","302/18723",2.62918977623218e-07,0.00021045313632053,0.000182920584839232,"LRP2/CYP26A1/PAX2/GREB1L/NKX3-1/MME/SALL1/AKR1B1/LGR4/NFIA/WDPCP/CFLAR/SIX4/JAG1/PDGFA/ASS1/PDGFD/MAGI2/SDC1/LGR5/ADAMTS6/SDC4/PTPRO/RDH10/GCNT1/PKHD1/PROM1/ADAMTS16",28
"GO:0010543","BP","GO:0010543","regulation of platelet activation","10/580","40/18723",2.76124823512613e-07,0.00021045313632053,0.000182920584839232,"PRKCA/PLA2G4A/TLR4/ABAT/DMTN/PDGFA/CD9/TEC/SERPINE2/TXK",10
"GO:0001655","BP","GO:0001655","urogenital system development","29/580","338/18723",8.13118183506214e-07,0.00053119849331056,0.000461704400138265,"LRP2/CYP26A1/PAX2/GREB1L/NKX3-1/MME/SALL1/AKR1B1/LGR4/NFIA/WDPCP/CFLAR/SIX4/JAG1/PDGFA/ASS1/PDGFD/MAGI2/SDC1/LGR5/ADAMTS6/SDC4/PTPRO/RDH10/GCNT1/PKHD1/PROM1/ADAMTS16/SERPINB5",29
"GO:0001822","BP","GO:0001822","kidney development","26/580","293/18723",1.61062288493959e-06,0.000836388133493593,0.000726967576754131,"LRP2/CYP26A1/PAX2/GREB1L/NKX3-1/MME/SALL1/AKR1B1/LGR4/WDPCP/CFLAR/SIX4/JAG1/PDGFA/ASS1/PDGFD/MAGI2/SDC1/ADAMTS6/SDC4/PTPRO/RDH10/GCNT1/PKHD1/PROM1/ADAMTS16",26
"GO:0043270","BP","GO:0043270","positive regulation of ion transport","25/580","275/18723",1.6460733001186e-06,0.000836388133493593,0.000726967576754131,"GPD1L/ABCC8/PDZK1/CRACR2A/GPER1/STAC/CNTN1/KCNA1/WNK1/PLA2G4A/G6PD/WNK2/AHCYL1/ABAT/ATP2C2/SLC6A9/STK39/HOMER1/VMP1/F2R/ADORA1/P2RX7/KCNE2/DRD2/KCNE3",25
"GO:0015711","BP","GO:0015711","organic anion transport","29/580","354/18723",2.07215137865292e-06,0.000947594825457978,0.000823625642715096,"LRP2/SLC26A7/SLC7A9/SLC5A6/MFSD2A/SLC44A4/NMB/SLC16A6/SLC16A3/SLC19A2/PLA2G4A/SLC16A14/SLC6A6/ABAT/LLGL2/SLC6A9/SLC2A1/SLC4A4/SLC47A1/GLTP/MGST1/SLC3A2/SLC38A2/ADORA1/SLC1A4/SLC26A5/SLC13A5/DRD2/SLC35D3",29
"GO:0015849","BP","GO:0015849","organic acid transport","26/580","303/18723",3.00088041360444e-06,0.00124754783012846,0.00108433726715506,"LRP2/SLC26A7/SLC7A4/SLC7A9/SLC5A6/MFSD2A/NMB/SLC16A3/SLC19A2/PLA2G4A/SLC6A6/ABAT/LLGL2/SLC6A9/SLC2A1/SLC47A1/CROT/XK/SLC3A2/SLC38A2/ADORA1/THBS1/SLC1A4/SLC26A5/SLC13A5/DRD2",26
"GO:0007596","BP","GO:0007596","blood coagulation","21/580","217/18723",4.19095099474581e-06,0.00154944706262195,0.00134674050397884,"SERPINA1/DGKG/PRKCA/PLA2G4A/TLR4/ABAT/DMTN/DGKA/PIK3CB/PDGFA/CD9/TFPI/F2RL1/F2R/TEC/SERPINE2/THBS1/VAV3/TXK/SERPIND1/KNG1",21
"GO:0072337","BP","GO:0072337","modified amino acid transport","8/580","32/18723",4.4047259597825e-06,0.00154944706262195,0.00134674050397884,"LRP2/SLC7A9/SLC5A6/PDZK1/SLC19A2/MGST1/SLC38A2/SLC1A4",8
"GO:0007599","BP","GO:0007599","hemostasis","21/580","222/18723",5.9935379876054e-06,0.0017760613866582,0.00154370798762101,"SERPINA1/DGKG/PRKCA/PLA2G4A/TLR4/ABAT/DMTN/DGKA/PIK3CB/PDGFA/CD9/TFPI/F2RL1/F2R/TEC/SERPINE2/THBS1/VAV3/TXK/SERPIND1/KNG1",21
"GO:0050817","BP","GO:0050817","coagulation","21/580","222/18723",5.9935379876054e-06,0.0017760613866582,0.00154370798762101,"SERPINA1/DGKG/PRKCA/PLA2G4A/TLR4/ABAT/DMTN/DGKA/PIK3CB/PDGFA/CD9/TFPI/F2RL1/F2R/TEC/SERPINE2/THBS1/VAV3/TXK/SERPIND1/KNG1",21
"GO:0030168","BP","GO:0030168","platelet activation","15/580","123/18723",6.21407876372865e-06,0.0017760613866582,0.00154370798762101,"DGKG/PRKCA/PLA2G4A/TLR4/ABAT/DMTN/DGKA/PIK3CB/PDGFA/CD9/F2R/TEC/SERPINE2/VAV3/TXK",15
"GO:0098739","BP","GO:0098739","import across plasma membrane","18/580","177/18723",1.02011466010037e-05,0.00274410843566998,0.00238511018980742,"LRP2/SLC39A4/SLC5A6/SLC9A7/WNK1/WNK2/SLC6A6/SLC6A9/SLC2A1/SLC47A1/ATP1A1/TRPV6/SLC39A10/SLC3A2/THBS1/SLC1A4/SLC15A2/KCNE2",18
"GO:0046942","BP","GO:0046942","carboxylic acid transport","23/580","273/18723",1.49248269259499e-05,0.00379173519624272,0.00329568108025655,"LRP2/SLC26A7/SLC7A9/SLC5A6/NMB/SLC16A6/SLC16A3/SLC19A2/PLA2G4A/SLC16A14/SLC6A6/ABAT/LLGL2/SLC6A9/SLC47A1/SLC3A2/SLC38A2/ADORA1/SLC1A4/SLC26A5/SLC13A5/DRD2/SLC35D3",23
"GO:1903034","BP","GO:1903034","regulation of response to wounding","17/580","167/18723",1.76494333452788e-05,0.00389148565619218,0.00338238167684042,"ABCC8/FERMT1/RREB1/ABAT/DMTN/GRN/PDGFA/CD9/TFPI/F2RL1/F2R/SERPINE2/THBS1/RTN4RL1/CLDN1/VIL1/KNG1",17
"GO:0061041","BP","GO:0061041","regulation of wound healing","15/580","134/18723",1.77212824753775e-05,0.00389148565619218,0.00338238167684042,"ABCC8/FERMT1/RREB1/ABAT/DMTN/PDGFA/CD9/TFPI/F2RL1/F2R/SERPINE2/THBS1/CLDN1/VIL1/KNG1",15
"GO:0009913","BP","GO:0009913","epidermal cell differentiation","19/580","202/18723",1.78703692936881e-05,0.00389148565619218,0.00338238167684042,"GDF3/ETV4/OVOL3/MCOLN3/SLC44A4/GRHL1/EXPH5/PLS1/SGPP1/FLNB/WDPCP/ERRFI1/PALLD/JAG1/SOD1/PPL/TGM1/HEY2/MYCN",19
"GO:0010810","BP","GO:0010810","regulation of cell-substrate adhesion","20/580","221/18723",1.90831124074396e-05,0.00396668513814642,0.00344774317944938,"CAMSAP3/FERMT1/DOCK5/RREB1/GCNT2/RSU1/DMTN/WDPCP/PIK3CB/CSF1/HSD17B12/JAG1/ACER2/FBLN2/CDH13/SDC4/NEDD9/THBS1/PTPRO/PKHD1",20
"GO:0002028","BP","GO:0002028","regulation of sodium ion transport","12/580","90/18723",2.11099738912297e-05,0.00419721350454754,0.00364811265049351,"GPD1L/CNTN1/WNK1/WNK2/AHCYL1/PER1/STK39/PTPN3/ATP1A1/SERPINE2/P2RX7/DRD2",12
"GO:0098657","BP","GO:0098657","import into cell","20/580","227/18723",2.81204563110502e-05,0.00525277683496141,0.00456558180828301,"LRP2/SLC39A4/SLC5A6/SLC9A7/WNK1/WNK2/SLC6A6/SLC18A2/SLC6A9/SLC2A1/SLC47A1/ATP1A1/TRPV6/SLC39A10/SLC3A2/THBS1/SLC1A4/SLC15A2/KCNE2/DRD2",20
"GO:0008544","BP","GO:0008544","epidermis development","25/580","324/18723",2.87162521045343e-05,0.00525277683496141,0.00456558180828301,"GDF3/ETV4/OVOL3/MCOLN3/SLC44A4/GRHL1/FERMT1/EXPH5/PLS1/SGPP1/LGR4/FLNB/WDPCP/ERRFI1/PALLD/JAG1/SOD1/PDGFA/PPL/LGR5/TGM1/LAMB3/HEY2/MYCN/KRT5",25
"GO:0030193","BP","GO:0030193","regulation of blood coagulation","10/580","66/18723",3.33369401033914e-05,0.00586345488818495,0.00509636784738485,"ABAT/DMTN/PDGFA/CD9/TFPI/F2RL1/F2R/SERPINE2/THBS1/KNG1",10
"GO:0072348","BP","GO:0072348","sulfur compound transport","9/580","54/18723",3.78346719412481e-05,0.00640807239953065,0.00556973572125352,"SLC26A7/SLC7A9/SLC5A6/SLC44A4/SLC19A2/SLC6A6/MGST1/SLC1A4/SLC26A5",9
"GO:0035725","BP","GO:0035725","sodium ion transmembrane transport","17/580","178/18723",4.02452359805993e-05,0.00657290943354574,0.00571300793468958,"GPD1L/SLC34A2/ASIC2/SLC9A7/WNK1/WNK2/SLC6A6/SLC6A9/SCN3A/STK39/SLC4A4/PTPN3/ATP1A1/TPCN1/SCN9A/SLC3A2/SCNN1G",17
"GO:1900046","BP","GO:1900046","regulation of hemostasis","10/580","68/18723",4.34631081165452e-05,0.00685368253161935,0.00595704886562885,"ABAT/DMTN/PDGFA/CD9/TFPI/F2RL1/F2R/SERPINE2/THBS1/KNG1",10
"GO:0034142","BP","GO:0034142","toll-like receptor 4 signaling pathway","8/580","43/18723",4.49824660821266e-05,0.00685682724645217,0.00595978217284597,"S100A14/TLR4/APPL2/NINJ1/F2RL1/CD14/LY96/LBP",8
"GO:0050818","BP","GO:0050818","regulation of coagulation","10/580","71/18723",6.35167090519416e-05,0.00926576133482014,0.00805356723106583,"ABAT/DMTN/PDGFA/CD9/TFPI/F2RL1/F2R/SERPINE2/THBS1/KNG1",10
"GO:0034767","BP","GO:0034767","positive regulation of ion transmembrane transport","16/580","167/18723",6.48380412670554e-05,0.00926576133482014,0.00805356723106583,"ABCC8/PDZK1/CRACR2A/GPER1/STAC/KCNA1/WNK1/G6PD/WNK2/SLC6A9/STK39/VMP1/F2R/P2RX7/KCNE2/KCNE3",16
"GO:0031589","BP","GO:0031589","cell-substrate adhesion","26/580","363/18723",7.01367930813131e-05,0.00971912868144061,0.00844762275164748,"ITGA10/CAMSAP3/FERMT1/ITGB4/DOCK5/RREB1/GCNT2/RSU1/DMTN/WDPCP/PIK3CB/CSF1/HSD17B12/JAG1/TMEFF2/ITGB6/ITGB5/ACER2/FBLN2/CDH13/SDC4/NEDD9/THBS1/PTPRO/LAMB3/PKHD1",26
"GO:0010959","BP","GO:0010959","regulation of metal ion transport","28/580","406/18723",7.22611797876625e-05,0.00971912868144061,0.00844762275164748,"GPD1L/ABCC8/CRACR2A/GPER1/STAC/CNTN1/KCNA1/WNK1/G6PD/PDE4D/WNK2/AHCYL1/PER1/ATP2C2/SLC6A9/STK39/HOMER1/VMP1/PTPN3/ATP1A1/F2R/SERPINE2/ADORA1/P2RX7/KCNE2/DPP10/DRD2/KCNE3",28
"GO:0150104","BP","GO:0150104","transport across blood-brain barrier","11/580","87/18723",7.61545406356435e-05,0.00995013469505137,0.00864840738165985,"LRP2/SLC5A6/ATP2A3/MFSD2A/SLC6A6/SLC6A9/SLC2A1/SLC4A4/SLC38A2/SLC1A4/SLC15A2",11
"GO:0010232","BP","GO:0010232","vascular transport","11/580","88/18723",8.46418631518575e-05,0.0107518677831512,0.00934525366261444,"LRP2/SLC5A6/ATP2A3/MFSD2A/SLC6A6/SLC6A9/SLC2A1/SLC4A4/SLC38A2/SLC1A4/SLC15A2",11
"GO:0035315","BP","GO:0035315","hair cell differentiation","8/580","47/18723",8.74885517657725e-05,0.0108131120871589,0.00939848567475269,"MCOLN3/SLC44A4/PLS1/WDPCP/JAG1/SOD1/HEY2/MYCN",8
"GO:0042391","BP","GO:0042391","regulation of membrane potential","29/580","434/18723",9.41879824905146e-05,0.011334780103398,0.00985190642338458,"GPD1L/ASIC2/GPER1/DSC2/CHRNA3/KCNA1/ABAT/WNT7A/SCN3A/SLC4A4/PTPN3/BCL2L1/ATP1A1/BNIP3/USP53/SOD1/SCN9A/ADORA1/RIMS1/SLC26A5/GRIA1/P2RX7/IGSF11/RIMS2/KCNE2/MPP2/DRD2/KCNE3/BEST2",29
"GO:0001894","BP","GO:0001894","tissue homeostasis","21/580","268/18723",9.90507017131588e-05,0.0116143297162635,0.0100948839316839,"ABCC8/ALDH1A1/PIGR/MFSD2A/PLEKHM1/NCDN/PRKCA/TLR4/AKR1B1/GCNT2/PPARGC1B/STK39/SLC2A1/HOMER1/CSF1/SOD1/ITGB6/F2R/CLDN1/P2RX7/PROM1",21
"GO:0010038","BP","GO:0010038","response to metal ion","26/580","373/18723",0.000109262250426821,0.0124914067800464,0.0108572173055705,"ABCC8/RASAL1/TESMIN/ATP7B/MT1B/KCNA1/SYT8/WNK1/G6PD/AHCYL1/ABAT/HOMER1/DMTN/BNIP3/TRPV6/SOD1/PPIF/MAOB/CD14/ASS1/SDC1/THBS1/SLC26A5/CLDN1/SLC13A5/DRD2",26
"GO:0050954","BP","GO:0050954","sensory perception of mechanical stimulus","16/580","175/18723",0.00011309071918167,0.0126137526540921,0.0109635572690625,"LRP2/ASIC2/KCNA1/MYO3B/PGAP1/CDC14A/USP53/TMTC4/SOD1/MARVELD2/EYA4/SERPINE2/RIPOR2/SERPINB6/SLC26A5/TMIE",16
"GO:0060249","BP","GO:0060249","anatomical structure homeostasis","23/580","314/18723",0.000130154811654886,0.0141713798499475,0.0123174077395702,"ABCC8/ALDH1A1/PIGR/MFSD2A/PLEKHM1/NCDN/PRKCA/MSTN/TLR4/AKR1B1/GCNT2/PPARGC1B/STK39/SLC2A1/HOMER1/CSF1/SOD1/ITGB6/F2R/ADORA1/CLDN1/P2RX7/PROM1",23
"GO:0032414","BP","GO:0032414","positive regulation of ion transmembrane transporter activity","12/580","109/18723",0.000141778745026852,0.0150174854453525,0.0130528214903613,"ABCC8/PDZK1/CRACR2A/STAC/KCNA1/WNK1/WNK2/SLC6A9/STK39/VMP1/KCNE2/KCNE3",12
"GO:0042491","BP","GO:0042491","inner ear auditory receptor cell differentiation","7/580","38/18723",0.000144493627726987,0.0150174854453525,0.0130528214903613,"MCOLN3/PLS1/WDPCP/JAG1/SOD1/HEY2/MYCN",7
"GO:0006940","BP","GO:0006940","regulation of smooth muscle contraction","9/580","64/18723",0.000148878020057397,0.0151293152382772,0.0131500211400405,"GPER1/CHRNA3/DOCK5/ABAT/SOD1/F2R/ADORA1/TACR3/PROK2",9
"GO:0002690","BP","GO:0002690","positive regulation of leukocyte chemotaxis","11/580","94/18723",0.000154494467378991,0.0153532427934421,0.0133446533516032,"S100A14/MSTN/WNK1/STK39/CSF1/F2RL1/RIPOR2/THBS1/CD74/CXCL17/LBP",11
"GO:0071622","BP","GO:0071622","regulation of granulocyte chemotaxis","8/580","51/18723",0.000158919906985242,0.0153532427934421,0.0133446533516032,"S100A14/MSTN/CSF1/RIPOR2/THBS1/CD74/CXCL17/LBP",8
"GO:0051051","BP","GO:0051051","negative regulation of transport","30/580","470/18723",0.000161153652763005,0.0153532427934421,0.0133446533516032,"ABCC8/NMB/SUFU/PROM2/FERMT1/WNK1/CYFIP1/ARHGAP1/WNK2/FRMD4A/ENPP1/ABAT/SLC6A9/STK39/DMTN/APPL2/PPIF/MAOB/F2R/SERPINE2/ADORA1/THBS1/CD74/SLC26A5/ACVR1C/KCNE2/INHBB/PRKG2/DRD2/KCNE3",30
"GO:0042490","BP","GO:0042490","mechanoreceptor differentiation","9/580","67/18723",0.000212891980806533,0.019654511212165,0.0170832079222749,"MCOLN3/SLC44A4/PLS1/WDPCP/JAG1/SOD1/SDC4/HEY2/MYCN",9
"GO:0003018","BP","GO:0003018","vascular process in circulatory system","20/580","263/18723",0.000214897345420566,0.019654511212165,0.0170832079222749,"LRP2/ABCC8/SLC5A6/ASIC2/ATP2A3/MFSD2A/GPER1/DOCK5/SLC6A6/SLC6A9/SLC2A1/SLC4A4/SOD1/F2RL1/F2R/SLC38A2/ADORA1/SLC1A4/SLC15A2/KNG1",20
"GO:1905039","BP","GO:1905039","carboxylic acid transmembrane transport","14/580","149/18723",0.000224465254443297,0.019984887971812,0.0173703631110666,"LRP2/SLC7A4/SLC7A9/SLC5A6/SLC16A3/SLC6A6/SLC6A9/SLC2A1/SLC47A1/SLC3A2/SLC38A2/THBS1/SLC1A4/SLC13A5",14
"GO:0008217","BP","GO:0008217","regulation of blood pressure","16/580","186/18723",0.000229144928610947,0.019984887971812,0.0173703631110666,"ASIC2/MME/SNX5/WNK1/PDE4D/ABAT/STK39/ATP1A1/SOD1/F2RL1/F2R/ADORA1/PTPRO/TACR3/ADAMTS16/DRD2",16
"GO:0043410","BP","GO:0043410","positive regulation of MAPK cascade","30/580","480/18723",0.000231620175487871,0.019984887971812,0.0173703631110666,"ERN2/GPR183/TGFA/CRACR2A/SH3RF2/GPER1/PRKCA/TLR4/RAPGEF2/MAP3K5/WNT7A/GCNT2/STK39/LAMTOR3/CFLAR/FLT1/SOD1/PDGFA/ANKRD6/F2RL1/PLCB1/F2R/PDGFD/THBS1/CD74/TENM1/DRD2/ALKAL1/CXCL17/DKK1",30
"GO:1903825","BP","GO:1903825","organic acid transmembrane transport","14/580","150/18723",0.000240691051975177,0.0203829663089349,0.017716362812052,"LRP2/SLC7A4/SLC7A9/SLC5A6/SLC16A3/SLC6A6/SLC6A9/SLC2A1/SLC47A1/SLC3A2/SLC38A2/THBS1/SLC1A4/SLC13A5",14
"GO:0003093","BP","GO:0003093","regulation of glomerular filtration","4/580","11/18723",0.000252826681914264,0.0204043846157222,0.0177349790668264,"F2RL1/F2R/ADORA1/PTPRO",4
"GO:0048754","BP","GO:0048754","branching morphogenesis of an epithelial tube","14/580","151/18723",0.000257915132619468,0.0204043846157222,0.0177349790668264,"PAX2/GREB1L/NKX3-1/SALL1/LGR4/SIX4/CSF1/LAMA1/RDH10/SFRP2/PKHD1/ADAMTS16/DLL4/MYCN",14
"GO:1904064","BP","GO:1904064","positive regulation of cation transmembrane transport","14/580","151/18723",0.000257915132619468,0.0204043846157222,0.0177349790668264,"ABCC8/PDZK1/CRACR2A/GPER1/STAC/KCNA1/WNK1/G6PD/WNK2/SLC6A9/VMP1/F2R/KCNE2/KCNE3",14
"GO:0048839","BP","GO:0048839","inner ear development","16/580","188/18723",0.000258791670175353,0.0204043846157222,0.0177349790668264,"MCOLN3/PAX2/SLC44A4/MYO3B/PLS1/WDPCP/SIX4/JAG1/SOD1/EYA4/LGR5/SDC4/SLC26A5/HEY2/MYCN/TMIE",16
"GO:0030890","BP","GO:0030890","positive regulation of B cell proliferation","7/580","42/18723",0.000277514387904713,0.0215097168794619,0.018695706132528,"GPR183/TLR4/CD320/SLC39A10/TNFSF13B/CD74/VAV3",7
"GO:0034329","BP","GO:0034329","cell junction assembly","27/580","420/18723",0.00030237491516975,0.0228096219511778,0.0198255510001835,"GJB1/ASIC2/SHANK2/CAMSAP3/LRFN1/PRKCA/ITGB4/RAPGEF2/WNT7A/VMP1/DMTN/WDPCP/CDH8/SIX4/CDH6/CLSTN2/MARVELD2/CD9/SDC4/GPM6A/THBS1/EFNB2/PTPRO/CLDN1/POF1B/ADGRF1/DRD2",27
"GO:0002685","BP","GO:0002685","regulation of leukocyte migration","17/580","210/18723",0.000304261303088092,0.0228096219511778,0.0198255510001835,"CHST4/S100A14/MSTN/WNK1/STK39/CSF1/STK10/CD9/F2RL1/PLCB1/PDGFD/RIPOR2/ADORA1/THBS1/CD74/CXCL17/LBP",17
"GO:0007605","BP","GO:0007605","sensory perception of sound","14/580","154/18723",0.00031608538563578,0.0233138462663294,0.0202638101215739,"LRP2/ASIC2/MYO3B/PGAP1/CDC14A/USP53/TMTC4/SOD1/MARVELD2/EYA4/RIPOR2/SERPINB6/SLC26A5/TMIE",14
"GO:0033674","BP","GO:0033674","positive regulation of kinase activity","29/580","467/18723",0.000325850602039685,0.0236526159226584,0.0205582602055447,"ERN2/GPRC5A/TGFA/CHRNA3/WNK1/AMBRA1/AFAP1L2/TLR4/RAPGEF2/MAP3K5/LAMTOR3/PARP16/FLT1/CSF1/PDGFA/GPRC5C/RALB/PDGFD/SDC4/ADORA1/NEDD9/THBS1/CD74/TENM1/VAV3/DIPK2A/DRD2/ALKAL1/DKK1",29
"GO:0034765","BP","GO:0034765","regulation of ion transmembrane transport","30/580","491/18723",0.000339758542609952,0.0240163346548291,0.0208743954001484,"GPD1L/ABCC8/PDZK1/ASIC2/CRACR2A/GPER1/STAC/KCNA1/WNK1/G6PD/PDE4D/WNK2/AHCYL1/SLC6A9/SCN3A/STK39/HOMER1/VMP1/PTPN3/TPCN1/TMEM109/PPIF/F2R/SCN9A/SLC26A5/P2RX7/KCNE2/DPP10/DRD2/KCNE3",30
"GO:0090257","BP","GO:0090257","regulation of muscle system process","19/580","252/18723",0.000341364914184101,0.0240163346548291,0.0208743954001484,"ABCC8/GPER1/DSC2/PRKCA/CHRNA3/KCNA1/MSTN/G6PD/TNNI2/DOCK5/PDE4D/ABAT/ATP1A1/ERRFI1/SOD1/F2R/ADORA1/TACR3/PROK2",19
"GO:0032411","BP","GO:0032411","positive regulation of transporter activity","12/580","120/18723",0.000350752981484111,0.0243029300655582,0.0211234969391388,"ABCC8/PDZK1/CRACR2A/STAC/KCNA1/WNK1/WNK2/SLC6A9/STK39/VMP1/KCNE2/KCNE3",12
"GO:0043583","BP","GO:0043583","ear development","17/580","213/18723",0.000359029303188129,0.0245050896041689,0.0212992089369737,"MCOLN3/PAX2/SLC44A4/MYO3B/PLS1/WDPCP/SIX4/JAG1/SOD1/EYA4/LGR5/SDC4/RDH10/SLC26A5/HEY2/MYCN/TMIE",17
"GO:0042246","BP","GO:0042246","tissue regeneration","9/580","72/18723",0.000369571663966148,0.0245199867281192,0.021312157143273,"MSTN/WNT7A/CFLAR/NINJ1/CD9/CPQ/TEC/TXK/IGFBP1",9
"GO:0070493","BP","GO:0070493","thrombin-activated receptor signaling pathway","4/580","12/18723",0.000369971372018418,0.0245199867281192,0.021312157143273,"IQGAP2/STMN1/F2RL1/F2R",4
"GO:0042058","BP","GO:0042058","regulation of epidermal growth factor receptor signaling pathway","9/580","73/18723",0.000410171135660324,0.0266044796736394,0.0231239461018708,"GPRC5A/TGFA/GPER1/SNX5/AFAP1L2/PTPN3/ERRFI1/CDH13/ADORA1",9
"GO:0001763","BP","GO:0001763","morphogenesis of a branching structure","16/580","196/18723",0.000413058835956352,0.0266044796736394,0.0231239461018708,"PAX2/GREB1L/NKX3-1/SALL1/LGR4/SIX4/CSF1/PDGFA/LAMA1/RDH10/SFRP2/PKHD1/ADAMTS16/DLL4/MYCN/DRD2",16
"GO:0003012","BP","GO:0003012","muscle system process","28/580","452/18723",0.000427000198424882,0.0269557034706992,0.0234292210124323,"GPD1L/ABCC8/GPER1/STAC/DSC2/PRKCA/CHRNA3/KCNA1/MSTN/G6PD/TNNI2/DOCK5/PDE4D/ABAT/HOMER1/ATP1A1/CFLAR/ERRFI1/SOD1/F2R/ADORA1/TACR3/KCNE2/HEY2/PROK2/DRD2/KCNE3/NMUR1",28
"GO:0051180","BP","GO:0051180","vitamin transport","7/580","45/18723",0.000430831642181463,0.0269557034706992,0.0234292210124323,"LRP2/SLC5A6/SLC44A4/SLC19A2/CD320/SLC2A1/TCN1",7
"GO:0048015","BP","GO:0048015","phosphatidylinositol-mediated signaling","15/580","178/18723",0.000443364273255935,0.0269557034706992,0.0234292210124323,"PLCD4/NKX3-1/GPER1/NYAP1/PIK3CB/FLT1/PLCH1/PDGFA/F2RL1/PLCB1/F2R/PDGFD/SERPINE2/PIP5K1B/DIPK2A",15
"GO:0050921","BP","GO:0050921","positive regulation of chemotaxis","13/580","141/18723",0.000447255821214048,0.0269557034706992,0.0234292210124323,"S100A14/MSTN/WNK1/STK39/CSF1/F2RL1/PDGFD/CDH13/RIPOR2/THBS1/CD74/CXCL17/LBP",13
"GO:0045860","BP","GO:0045860","positive regulation of protein kinase activity","25/580","386/18723",0.000447984575502545,0.0269557034706992,0.0234292210124323,"ERN2/GPRC5A/TGFA/CHRNA3/WNK1/AFAP1L2/TLR4/RAPGEF2/MAP3K5/PARP16/FLT1/CSF1/PDGFA/GPRC5C/RALB/PDGFD/SDC4/ADORA1/NEDD9/THBS1/TENM1/DIPK2A/DRD2/ALKAL1/DKK1",25
"GO:0031099","BP","GO:0031099","regeneration","16/580","198/18723",0.000462159560388088,0.0271506131482607,0.023598631612976,"MSTN/WNT7A/CAD/PTPN3/CFLAR/SRSF5/GRN/NINJ1/CD9/CPQ/TEC/RTN4RL1/CLDN1/ANXA3/TXK/IGFBP1",16
"GO:0043271","BP","GO:0043271","negative regulation of ion transport","14/580","160/18723",0.000466714650054577,0.0271506131482607,0.023598631612976,"WNK1/WNK2/ABAT/SLC6A9/STK39/PPIF/MAOB/SERPINE2/ADORA1/SLC26A5/KCNE2/PRKG2/DRD2/KCNE3",14
"GO:0052548","BP","GO:0052548","regulation of endopeptidase activity","27/580","432/18723",0.000469035302583116,0.0271506131482607,0.023598631612976,"SERPINA1/SPINK7/A2ML1/ATP2A3/PAX2/NKX3-1/GPER1/MAP3K5/PERP/CFLAR/EGLN3/TFPI/F2R/ACER2/SERPINE2/SERPINB6/THBS1/WFDC2/SFRP2/ITIH2/ACVR1C/VIL1/SERPINI2/SERPINB5/SERPINI1/SERPIND1/KNG1",27
"GO:0034764","BP","GO:0034764","positive regulation of transmembrane transport","17/580","219/18723",0.000494573563497754,0.0282710613234404,0.0245724970495726,"ABCC8/PDZK1/CRACR2A/GPER1/STAC/KCNA1/WNK1/G6PD/WNK2/SLC6A9/STK39/VMP1/RNASEL/F2R/P2RX7/KCNE2/KCNE3",17
"GO:0045216","BP","GO:0045216","cell-cell junction organization","16/580","200/18723",0.00051619234115208,0.0291425626677588,0.0253299841480215,"ABCC8/GJB1/GRHL1/CAMSAP3/PRKCA/PERP/CDH8/CDH6/MARVELD2/CD9/F2RL1/F2R/PTPRO/CLDN1/POF1B/PKHD1",16
"GO:0007173","BP","GO:0007173","epidermal growth factor receptor signaling pathway","11/580","108/18723",0.000523248459506964,0.029180673235675,0.0253631088972824,"GPRC5A/TGFA/PIGR/GPER1/SNX5/AFAP1L2/PTPN3/ERRFI1/CDH13/ADORA1/VIL1",11
"GO:0048017","BP","GO:0048017","inositol lipid-mediated signaling","15/580","182/18723",0.000560331357587452,0.0304762876243638,0.026489224410924,"PLCD4/NKX3-1/GPER1/NYAP1/PIK3CB/FLT1/PLCH1/PDGFA/F2RL1/PLCB1/F2R/PDGFD/SERPINE2/PIP5K1B/DIPK2A",15
"GO:0061138","BP","GO:0061138","morphogenesis of a branching epithelium","15/580","182/18723",0.000560331357587452,0.0304762876243638,0.026489224410924,"PAX2/GREB1L/NKX3-1/SALL1/LGR4/SIX4/CSF1/PDGFA/LAMA1/RDH10/SFRP2/PKHD1/ADAMTS16/DLL4/MYCN",15
"GO:0043087","BP","GO:0043087","regulation of GTPase activity","23/580","348/18723",0.000566473747664755,0.0304762876243638,0.026489224410924,"RASAL1/TBC1D8/TBC1D9/GARNL3/PROM2/GMIP/DOCK9/WNK1/SIPA1L1/ARHGAP27/TBC1D16/RAPGEF2/RAP1GAP2/IQGAP2/RSU1/DOCK11/SOD1/STMN1/F2RL1/F2R/RIPOR2/NEDD9/VAV3",23
"GO:0043588","BP","GO:0043588","skin development","19/580","263/18723",0.000578726370311406,0.0305885643891375,0.0265868125573177,"ETV4/GRHL1/SUFU/FERMT1/EXPH5/ITGB4/SGPP1/LGR4/FLNB/ERRFI1/PALLD/JAG1/STMN1/PDGFA/PPL/ITGB6/LGR5/CLDN1/TGM1",19
"GO:0052547","BP","GO:0052547","regulation of peptidase activity","28/580","461/18723",0.000581938574645738,0.0305885643891375,0.0265868125573177,"SERPINA1/SPINK7/A2ML1/ATP2A3/PAX2/NKX3-1/GPER1/MAP3K5/PERP/CFLAR/EGLN3/GRN/TFPI/F2R/ACER2/SERPINE2/SERPINB6/THBS1/WFDC2/SFRP2/ITIH2/ACVR1C/VIL1/SERPINI2/SERPINB5/SERPINI1/SERPIND1/KNG1",28
"GO:0050920","BP","GO:0050920","regulation of chemotaxis","17/580","223/18723",0.000607647919789714,0.0306393285193597,0.0266309354653981,"GPR183/S100A14/MSTN/WNK1/STK39/CSF1/F2RL1/PDGFD/CDH13/RIPOR2/THBS1/EFNB2/PTPRO/CD74/SEMA3G/CXCL17/LBP",17
"GO:0006939","BP","GO:0006939","smooth muscle contraction","11/580","110/18723",0.000611768483205232,0.0306393285193597,0.0266309354653981,"GPER1/CHRNA3/DOCK5/ABAT/SOD1/F2R/ADORA1/TACR3/PROK2/DRD2/NMUR1",11
"GO:0007189","BP","GO:0007189","adenylate cyclase-activating G protein-coupled receptor signaling pathway","13/580","146/18723",0.000624024625135363,0.0306393285193597,0.0266309354653981,"GPHA2/GPER1/LPAR2/PRKCA/PDE4D/RAPGEF2/LGR4/LGR5/RAMP1/ADGRG2/ADGRF1/PTGER2/DRD2",13
"GO:0032757","BP","GO:0032757","positive regulation of interleukin-8 production","8/580","62/18723",0.0006264279892066,0.0306393285193597,0.0266309354653981,"TLR5/AFAP1L2/TLR4/F2RL1/CD14/F2R/CD74/LBP",8
"GO:0032835","BP","GO:0032835","glomerulus development","8/580","62/18723",0.0006264279892066,0.0306393285193597,0.0266309354653981,"PAX2/LGR4/CFLAR/JAG1/PDGFD/MAGI2/PTPRO/PROM1",8
"GO:0060113","BP","GO:0060113","inner ear receptor cell differentiation","8/580","62/18723",0.0006264279892066,0.0306393285193597,0.0266309354653981,"MCOLN3/PLS1/WDPCP/JAG1/SOD1/SDC4/HEY2/MYCN",8
"GO:0001952","BP","GO:0001952","regulation of cell-matrix adhesion","12/580","128/18723",0.000631481997382965,0.0306393285193597,0.0266309354653981,"CAMSAP3/FERMT1/DMTN/WDPCP/PIK3CB/CSF1/JAG1/ACER2/CDH13/SDC4/THBS1/PKHD1",12
"GO:0015804","BP","GO:0015804","neutral amino acid transport","7/580","48/18723",0.000645243518284284,0.0306393285193597,0.0266309354653981,"SLC7A9/SLC6A6/LLGL2/SLC6A9/SLC3A2/SLC38A2/SLC1A4",7
"GO:0015695","BP","GO:0015695","organic cation transport","6/580","35/18723",0.000649904847228929,0.0306393285193597,0.0266309354653981,"PDZK1/SLC44A4/CHRNA3/SLC19A2/SLC47A1/SLC38A2",6
"GO:0098801","BP","GO:0098801","regulation of renal system process","6/580","35/18723",0.000649904847228929,0.0306393285193597,0.0266309354653981,"SNX5/F2RL1/F2R/ADORA1/PTPRO/DRD2",6
"GO:0032412","BP","GO:0032412","regulation of ion transmembrane transporter activity","19/580","267/18723",0.000694962765487002,0.0324292319037965,0.028186674570128,"GPD1L/ABCC8/PDZK1/CRACR2A/STAC/KCNA1/WNK1/PDE4D/WNK2/AHCYL1/SLC6A9/STK39/HOMER1/VMP1/PTPN3/PPIF/KCNE2/DRD2/KCNE3",19
"GO:0044282","BP","GO:0044282","small molecule catabolic process","24/580","376/18723",0.000710001439118685,0.0327963291019166,0.0285057462425535,"AICDA/CYP26A1/IDO2/HK2/MFSD2A/CDA/LDHD/MCCC2/TYSND1/ABAT/DERA/TST/PFKP/GCDH/CROT/LONP2/ALDH4A1/INPP1/PNP/LPIN2/NUDT19/GLS/ACOX2/DAO",24
"GO:0030195","BP","GO:0030195","negative regulation of blood coagulation","7/580","49/18723",0.000732978414564286,0.0334197096467542,0.0290475729686015,"ABAT/PDGFA/CD9/TFPI/SERPINE2/THBS1/KNG1",7
"GO:1901184","BP","GO:1901184","regulation of ERBB signaling pathway","9/580","79/18723",0.000738112983669838,0.0334197096467542,0.0290475729686015,"GPRC5A/TGFA/GPER1/SNX5/AFAP1L2/PTPN3/ERRFI1/CDH13/ADORA1",9
"GO:0010762","BP","GO:0010762","regulation of fibroblast migration","6/580","36/18723",0.00075971774356436,0.0340606788364688,0.0296046873033955,"DMTN/WDPCP/APPL2/SDC4/THBS1/PAK3",6
"GO:0003073","BP","GO:0003073","regulation of systemic arterial blood pressure","10/580","96/18723",0.00077817969172814,0.0345496672842018,0.0300297037911646,"ASIC2/MME/WNK1/PDE4D/F2RL1/F2R/ADORA1/PTPRO/ADAMTS16/DRD2",10
"GO:0006937","BP","GO:0006937","regulation of muscle contraction","14/580","169/18723",0.000805040105542052,0.0353985423331135,0.0307675246814452,"GPER1/DSC2/CHRNA3/KCNA1/TNNI2/DOCK5/PDE4D/ABAT/ATP1A1/SOD1/F2R/ADORA1/TACR3/PROK2",14
"GO:1900047","BP","GO:1900047","negative regulation of hemostasis","7/580","50/18723",0.000829887658508296,0.0361435834510327,0.0314150957245847,"ABAT/PDGFA/CD9/TFPI/SERPINE2/THBS1/KNG1",7
"GO:0071675","BP","GO:0071675","regulation of mononuclear cell migration","11/580","115/18723",0.00088894517663967,0.0380609394218632,0.0330816134190282,"S100A14/MSTN/WNK1/STK39/CSF1/STK10/PLCB1/PDGFD/RIPOR2/THBS1/CXCL17",11
"GO:0090330","BP","GO:0090330","regulation of platelet aggregation","5/580","25/18723",0.00089055773412188,0.0380609394218632,0.0330816134190282,"PRKCA/ABAT/DMTN/CD9/SERPINE2",5
"GO:0006644","BP","GO:0006644","phospholipid metabolic process","24/580","383/18723",0.000916963696202928,0.0388266202105184,0.0337471239460259,"CWH43/LIPG/PLCD4/MFSD2A/SLC44A4/DGKG/CDS1/DOLPP1/PLA2G4A/ENPP6/PGAP1/SGPP1/GDE1/DGKA/LCLAT1/INPP1/PIK3CB/PIGT/PDGFA/PLCB1/MBOAT2/SGMS2/LPCAT4/PIP5K1B",24
"GO:0032328","BP","GO:0032328","alanine transport","4/580","15/18723",0.000947385354898252,0.0396362544889704,0.0344508377433568,"SLC6A6/SLC3A2/SLC38A2/SLC1A4",4
"GO:0008654","BP","GO:0008654","phospholipid biosynthetic process","18/580","253/18723",0.000953419635641098,0.0396362544889704,0.0344508377433568,"CWH43/MFSD2A/SLC44A4/DGKG/CDS1/DOLPP1/PLA2G4A/PGAP1/DGKA/LCLAT1/INPP1/PIK3CB/PIGT/PDGFA/MBOAT2/SGMS2/LPCAT4/PIP5K1B",18
"GO:0002687","BP","GO:0002687","positive regulation of leukocyte migration","12/580","135/18723",0.00101282261195395,0.0417264667068956,0.0362675977500058,"S100A14/MSTN/WNK1/STK39/CSF1/F2RL1/PDGFD/RIPOR2/THBS1/CD74/CXCL17/LBP",12
"GO:2000378","BP","GO:2000378","negative regulation of reactive oxygen species metabolic process","7/580","52/18723",0.00105389752985748,0.0429608080692699,0.0373404562868008,"HK2/PAX2/G6PD/SLC18A2/CFLAR/BNIP3/MYCN",7
"GO:0044242","BP","GO:0044242","cellular lipid catabolic process","16/580","214/18723",0.00106890396225754,0.0429608080692699,0.0373404562868008,"LIPG/CYP26A1/MFSD2A/PLA2G4A/DAGLA/TYSND1/ENPP6/GALC/GDE1/GCDH/CROT/LONP2/LPIN2/NUDT19/ACER2/ACOX2",16
"GO:0045745","BP","GO:0045745","positive regulation of G protein-coupled receptor signaling pathway","5/580","26/18723",0.00107479025024702,0.0429608080692699,0.0373404562868008,"GPER1/PRKCA/ACP3/GAS2L2/DRD2",5
"GO:0072073","BP","GO:0072073","kidney epithelium development","12/580","136/18723",0.00108036145374285,0.0429608080692699,0.0373404562868008,"PAX2/GREB1L/SALL1/LGR4/SIX4/JAG1/MAGI2/SDC1/SDC4/PTPRO/PROM1/ADAMTS16",12
"GO:0022898","BP","GO:0022898","regulation of transmembrane transporter activity","19/580","278/18723",0.0011235791783234,0.0442942032971801,0.0384994099577962,"GPD1L/ABCC8/PDZK1/CRACR2A/STAC/KCNA1/WNK1/PDE4D/WNK2/AHCYL1/SLC6A9/STK39/HOMER1/VMP1/PTPN3/PPIF/KCNE2/DRD2/KCNE3",19
"GO:0060078","BP","GO:0060078","regulation of postsynaptic membrane potential","12/580","137/18723",0.00115159816975571,0.0443947263476425,0.0385867820706661,"CHRNA3/KCNA1/ABAT/WNT7A/ADORA1/RIMS1/GRIA1/P2RX7/IGSF11/RIMS2/MPP2/DRD2",12
"GO:0006970","BP","GO:0006970","response to osmotic stress","9/580","84/18723",0.00115203575037277,0.0443947263476425,0.0385867820706661,"AKR1B1/TSC22D3/STK39/SLC2A1/TSC22D4/ERRFI1/SERPINB6/CLDN1/TACR3",9
"GO:0006576","BP","GO:0006576","cellular biogenic amine metabolic process","10/580","101/18723",0.00115525310198326,0.0443947263476425,0.0385867820706661,"IDO2/AKR1B1/ABAT/GDE1/GCDH/SMS/MAOB/TACR3/DAO/DRD2",10
"GO:0050819","BP","GO:0050819","negative regulation of coagulation","7/580","53/18723",0.00118238977908301,0.0450589038312219,0.039164068472083,"ABAT/PDGFA/CD9/TFPI/SERPINE2/THBS1/KNG1",7
"GO:0050673","BP","GO:0050673","epithelial cell proliferation","26/580","437/18723",0.00121392410721267,0.0458783053081283,0.039876271673206,"TGFA/PAX2/NKX3-1/FERMT1/PRKCA/NUPR1/RREB1/WNT7A/LGR4/CFLAR/SIX4/ERRFI1/FLT1/GRN/HTRA1/EHF/CDH13/LGR5/THBS1/SFRP2/CLDN1/TGM1/PKHD1/DLL4/SERPINB5/PROK2",26
"GO:0001977","BP","GO:0001977","renal system process involved in regulation of blood volume","4/580","16/18723",0.00123243984154306,0.0460380403849116,0.0400151093934481,"F2RL1/F2R/ADORA1/PTPRO",4
"GO:0050900","BP","GO:0050900","leukocyte migration","23/580","369/18723",0.00124688887699837,0.0460380403849116,0.0400151093934481,"CHST4/GPR183/S100A14/MSTN/WNK1/STK39/FLT1/CSF1/STK10/NINJ1/CD9/F2RL1/PLCB1/PDGFD/RIPOR2/ADORA1/THBS1/PTPRO/CD74/GCNT1/VAV3/CXCL17/LBP",23
"GO:0001656","BP","GO:0001656","metanephros development","9/580","85/18723",0.00125384759745097,0.0460380403849116,0.0400151093934481,"PAX2/GREB1L/NKX3-1/SALL1/AKR1B1/LGR4/SIX4/PDGFA/RDH10",9
"GO:0046486","BP","GO:0046486","glycerolipid metabolic process","24/580","392/18723",0.00125842008487075,0.0460380403849116,0.0400151093934481,"CWH43/LIPG/PLCD4/MFSD2A/SLC44A4/DGKG/CDS1/PLA2G4A/DAGLA/ENPP6/PGAP1/GDE1/DGKA/LCLAT1/INPP1/PIK3CB/LPIN2/PIGT/PDGFA/PLCB1/MBOAT2/LPCAT4/PIP5K1B/AVIL",24
"GO:0072503","BP","GO:0072503","cellular divalent inorganic cation homeostasis","28/580","486/18723",0.00129825625333885,0.0471184590993535,0.0409541822272973,"SLC39A4/ATP13A4/ATP2A3/MCOLN3/NMB/ATP7B/GPER1/LPAR2/MICU3/MT1B/PDE4D/HSP90B1/ATP2C2/BNIP3/TPCN1/TRPV6/TMTC4/SLC39A10/F2RL1/F2R/ADORA1/GRIA1/PKHD1/P2RX7/PTGER2/PROK2/DRD2/KNG1",28
"GO:0048167","BP","GO:0048167","regulation of synaptic plasticity","15/580","198/18723",0.0013269511858413,0.0477806911248209,0.0415297776853439,"SORCS2/MME/SHANK2/NCDN/SIPA1L1/RAPGEF2/UNC13C/SERPINE2/ADORA1/RIMS1/GRIA1/IGSF11/RIMS2/MPP2/DRD2",15
"GO:0038127","BP","GO:0038127","ERBB signaling pathway","11/580","121/18723",0.00135122454649696,0.0482746082119578,0.0419590780228003,"GPRC5A/TGFA/PIGR/GPER1/SNX5/AFAP1L2/PTPN3/ERRFI1/CDH13/ADORA1/VIL1",11
"GO:0016054","BP","GO:0016054","organic acid catabolic process","17/580","240/18723",0.00136934331521014,0.0485426897709765,0.042192087786483,"CYP26A1/IDO2/MFSD2A/LDHD/MCCC2/TYSND1/ABAT/TST/GCDH/CROT/LONP2/ALDH4A1/LPIN2/NUDT19/GLS/ACOX2/DAO",17
"GO:0009636","BP","GO:0009636","response to toxic substance","18/580","262/18723",0.00141584623428108,0.0497621882079138,0.0432520452249663,"ALDH1A1/PDZK1/ATP7B/MT1B/PRXL2A/SLC18A2/NUPR1/SLC47A1/SOD1/PRDX4/MGST1/MAOB/ASS1/SCN9A/SDC1/CLDN1/SLC15A2/DRD2",18
"GO:0002688","BP","GO:0002688","regulation of leukocyte chemotaxis","11/580","122/18723",0.00144465773159606,0.0497621882079138,0.0432520452249663,"S100A14/MSTN/WNK1/STK39/CSF1/F2RL1/RIPOR2/THBS1/CD74/CXCL17/LBP",11
"GO:0051928","BP","GO:0051928","positive regulation of calcium ion transport","11/580","122/18723",0.00144465773159606,0.0497621882079138,0.0432520452249663,"CRACR2A/GPER1/STAC/G6PD/ATP2C2/HOMER1/VMP1/F2R/P2RX7/KCNE2/KCNE3",11
"GO:0006650","BP","GO:0006650","glycerophospholipid metabolic process","20/580","306/18723",0.00144727116371147,0.0497621882079138,0.0432520452249663,"CWH43/PLCD4/MFSD2A/SLC44A4/DGKG/CDS1/PLA2G4A/ENPP6/PGAP1/GDE1/DGKA/LCLAT1/INPP1/PIK3CB/PIGT/PDGFA/PLCB1/MBOAT2/LPCAT4/PIP5K1B",20
"GO:0016324","CC","GO:0016324","apical plasma membrane","39/612","367/19550",2.84003207492718e-11,1.27801443371723e-08,1.07921218847233e-08,"LRP2/SLC39A4/SLC34A2/SLC7A9/SLC5A6/PDZK1/SLC44A4/SHANK2/PROM2/KCNA1/SLC16A3/PDE4D/SLC6A6/AHCYL1/RAPGEF2/LMO7/SLC6A9/STK39/SLC2A1/SLC47A1/WDPCP/ATP1A1/MAL2/JAG1/MARVELD2/CD9/SLC3A2/RIPOR2/SCNN1G/PTPRO/CLDN1/CTSL/SLC15A2/RAB27B/ADGRG2/PKHD1/PROM1/PRKG2/RHCG",39
"GO:0045177","CC","GO:0045177","apical part of cell","41/612","435/19550",3.64469772273719e-10,8.20056987615868e-08,6.92492567320066e-08,"LRP2/SLC39A4/SLC34A2/SLC7A9/SLC5A6/PDZK1/SLC44A4/SHANK2/PROM2/KCNA1/SLC16A3/PDE4D/SLC6A6/AHCYL1/RAPGEF2/LMO7/SLC6A9/STK39/SLC2A1/HOMER1/SLC47A1/WDPCP/ATP1A1/MAL2/JAG1/MARVELD2/CD9/MGST1/SLC3A2/RIPOR2/SCNN1G/PTPRO/CLDN1/CTSL/SLC15A2/RAB27B/ADGRG2/PKHD1/PROM1/PRKG2/RHCG",41
"GO:0016323","CC","GO:0016323","basolateral plasma membrane","22/612","231/19550",3.85804143881223e-06,0.000493843612099952,0.000417023494662181,"SLC26A7/TGFA/SLC5A6/ATP7B/PROM2/SLC16A3/SLC6A6/ENPP1/ATP2C2/SLC6A9/STK39/SLC2A1/SLC4A4/SLC47A1/ATP1A1/MARVELD2/SLC3A2/ADORA1/CADM1/SLC26A5/CLDN1/RHCG",22
"GO:0014069","CC","GO:0014069","postsynaptic density","27/612","330/19550",5.82664426711675e-06,0.000493843612099952,0.000417023494662181,"SORCS2/ARHGEF9/GPER1/SHANK2/LRFN1/CHRNA3/SLC16A3/ABHD17C/SIPA1L1/DAGLA/SLC6A9/HOMER1/DMTN/ATP1A1/BNIP3/TANC1/CLSTN2/RHEB/MAGI2/ADORA1/PTPRO/PAK3/GRIA1/BCAS1/IGSF11/MPP2/DRD2",27
"GO:0009925","CC","GO:0009925","basal plasma membrane","23/612","257/19550",6.64178321252837e-06,0.000493843612099952,0.000417023494662181,"SLC26A7/TGFA/SLC5A6/ATP7B/PROM2/SLC16A3/ITGB4/SLC6A6/ENPP1/ATP2C2/SLC6A9/STK39/SLC2A1/SLC4A4/SLC47A1/ATP1A1/MARVELD2/SLC3A2/ADORA1/CADM1/SLC26A5/CLDN1/RHCG",23
"GO:0045178","CC","GO:0045178","basal part of cell","24/612","276/19550",6.8817917284901e-06,0.000493843612099952,0.000417023494662181,"SLC26A7/TGFA/SLC5A6/ATP7B/PROM2/SLC16A3/ITGB4/SLC6A6/ENPP1/ATP2C2/SLC6A9/STK39/SLC2A1/SLC4A4/SLC47A1/ATP1A1/MARVELD2/SLC3A2/ADORA1/CADM1/SLC26A5/CLDN1/RHCG/KCNE3",24
"GO:0032279","CC","GO:0032279","asymmetric synapse","27/612","335/19550",7.68201174377703e-06,0.000493843612099952,0.000417023494662181,"SORCS2/ARHGEF9/GPER1/SHANK2/LRFN1/CHRNA3/SLC16A3/ABHD17C/SIPA1L1/DAGLA/SLC6A9/HOMER1/DMTN/ATP1A1/BNIP3/TANC1/CLSTN2/RHEB/MAGI2/ADORA1/PTPRO/PAK3/GRIA1/BCAS1/IGSF11/MPP2/DRD2",27
"GO:0098984","CC","GO:0098984","neuron to neuron synapse","28/612","361/19550",1.07382958587923e-05,0.000604029142057066,0.000510069053292634,"SORCS2/ARHGEF9/GPER1/SHANK2/LRFN1/CHRNA3/SLC16A3/ABHD17C/SIPA1L1/DAGLA/SLC6A9/HOMER1/DMTN/ATP1A1/BNIP3/TANC1/CLSTN2/RHEB/PRKAR1B/MAGI2/ADORA1/PTPRO/PAK3/GRIA1/BCAS1/IGSF11/MPP2/DRD2",28
"GO:0099572","CC","GO:0099572","postsynaptic specialization","27/612","356/19550",2.29015933144745e-05,0.00114507966572373,0.000966956162166702,"SORCS2/ARHGEF9/GPER1/SHANK2/LRFN1/CHRNA3/SLC16A3/ABHD17C/SIPA1L1/DAGLA/SLC6A9/HOMER1/DMTN/ATP1A1/BNIP3/TANC1/CLSTN2/RHEB/MAGI2/ADORA1/PTPRO/PAK3/GRIA1/BCAS1/IGSF11/MPP2/DRD2",27
"GO:0005903","CC","GO:0005903","brush border","12/612","106/19550",0.000119799944952064,0.00539099752284287,0.00455239790817843,"LRP2/SLC34A2/SLC7A9/SLC5A6/PDZK1/MME/SHANK2/SNX5/PLS1/FLNB/SLC38A2/VIL1",12
"GO:0098862","CC","GO:0098862","cluster of actin-based cell projections","15/612","161/19550",0.00016746832973826,0.00685097712565611,0.00578526957277627,"LRP2/SLC34A2/SLC7A9/SLC5A6/PDZK1/MME/SHANK2/SNX5/MYO3B/PLS1/CDC14A/FLNB/RIPOR2/SLC38A2/VIL1",15
"GO:0043197","CC","GO:0043197","dendritic spine","16/612","183/19550",0.000214851218672563,0.00791500822682241,0.00668378472487226,"SORCS2/ASIC2/GPER1/SHANK2/ABHD17C/SIPA1L1/CYFIP1/DAGLA/HOMER1/GPM6A/ADORA1/PTPRO/APBA2/GRIA1/MPP2/DRD2",16
"GO:0044309","CC","GO:0044309","neuron spine","16/612","184/19550",0.000228655793219314,0.00791500822682241,0.00668378472487226,"SORCS2/ASIC2/GPER1/SHANK2/ABHD17C/SIPA1L1/CYFIP1/DAGLA/HOMER1/GPM6A/ADORA1/PTPRO/APBA2/GRIA1/MPP2/DRD2",16
"GO:0005788","CC","GO:0005788","endoplasmic reticulum lumen","22/612","313/19550",0.000374233489837002,0.0120289336019037,0.0101577661527186,"MATN3/SERPINA1/COL24A1/ADAMTSL4/TSPAN33/EVA1A/COL22A1/HSP90B1/WNT7A/CSF1/PDGFA/TMEM132A/PDGFD/P3H2/TXNDC16/THBS1/COL21A1/ITIH2/WNT5B/SERPIND1/IGFBP1/KNG1",22
"GO:0098936","CC","GO:0098936","intrinsic component of postsynaptic membrane","12/612","122/19550",0.000449512083136931,0.0133962549174762,0.0113123930414243,"CNTN1/LRFN1/KCNA1/SLC16A3/DAGLA/SLC6A6/SLC6A9/CLSTN2/ADORA1/PTPRO/GRIA1/DRD2",12
"GO:0097060","CC","GO:0097060","synaptic membrane","25/612","384/19550",0.000486854505389277,0.0133962549174762,0.0113123930414243,"SORCS2/GPER1/SHANK2/CNTN1/LRFN1/CHRNA3/KCNA1/SLC16A3/ABHD17C/DAGLA/SLC6A6/SLC6A9/CDH8/UNC13C/CLSTN2/NINJ1/F2R/GPM6A/ADORA1/EFNB2/PTPRO/RIMS1/GRIA1/RIMS2/DRD2",25
"GO:0016328","CC","GO:0016328","lateral plasma membrane","8/612","61/19550",0.000601238138222379,0.0133962549174762,0.0113123930414243,"GJB1/SLC16A3/SLC6A9/ATP1A1/PTPRO/SLC26A5/CLDN1/DRD2",8
"GO:0005770","CC","GO:0005770","late endosome","20/612","282/19550",0.000607118084253973,0.0133962549174762,0.0113123930414243,"RNF128/ATP10B/ATP13A4/MCOLN3/PLEKHM1/ATP7B/RAPGEF2/DERL1/LAMTOR3/TMEM9/GRN/HLA-DMA/ELAPOR1/PRKAR1B/F2R/MAGI2/RASGEF1B/CD74/CTSL/RAB27B",20
"GO:0030672","CC","GO:0030672","synaptic vesicle membrane","11/612","109/19550",0.000618613676713809,0.0133962549174762,0.0113123930414243,"ABCC8/SV2B/SYT8/SLC18A2/DMXL2/SLC6A9/BCL2L1/UNC13C/RAB27B/GRIA1/DRD2",11
"GO:0099501","CC","GO:0099501","exocytic vesicle membrane","11/612","109/19550",0.000618613676713809,0.0133962549174762,0.0113123930414243,"ABCC8/SV2B/SYT8/SLC18A2/DMXL2/SLC6A9/BCL2L1/UNC13C/RAB27B/GRIA1/DRD2",11
"GO:0099240","CC","GO:0099240","intrinsic component of synaptic membrane","14/612","163/19550",0.000625158562815555,0.0133962549174762,0.0113123930414243,"CNTN1/LRFN1/KCNA1/SLC16A3/DAGLA/SLC6A6/SLC6A9/CLSTN2/GPM6A/ADORA1/EFNB2/PTPRO/GRIA1/DRD2",14
"GO:0005765","CC","GO:0005765","lysosomal membrane","25/612","395/19550",0.000732714497221699,0.0143357184239028,0.0121057177801846,"LRP2/ATP10B/PIGR/MCOLN3/PLEKHM1/SORT1/EVA1A/ENPP1/LAMTOR3/TOM1/TPCN1/RHEB/TMEM9/GRN/TSPAN1/GDAP2/ACP3/HLA-DMA/MGST1/ELAPOR1/SLC3A2/GLIPR1/ITM2C/CD74/GPR137C",25
"GO:0098852","CC","GO:0098852","lytic vacuole membrane","25/612","395/19550",0.000732714497221699,0.0143357184239028,0.0121057177801846,"LRP2/ATP10B/PIGR/MCOLN3/PLEKHM1/SORT1/EVA1A/ENPP1/LAMTOR3/TOM1/TPCN1/RHEB/TMEM9/GRN/TSPAN1/GDAP2/ACP3/HLA-DMA/MGST1/ELAPOR1/SLC3A2/GLIPR1/ITM2C/CD74/GPR137C",25
"GO:0060076","CC","GO:0060076","excitatory synapse","7/612","49/19550",0.000780342913849115,0.0146314296346709,0.0123554294692777,"SLC16A3/CYFIP1/SLC6A9/PALLD/UNC13C/GRIA1/IGSF11",7
"GO:0099699","CC","GO:0099699","integral component of synaptic membrane","13/612","150/19550",0.000888096833889869,0.0159857430100176,0.013499071875126,"LRFN1/KCNA1/SLC16A3/DAGLA/SLC6A6/SLC6A9/CLSTN2/GPM6A/ADORA1/EFNB2/PTPRO/GRIA1/DRD2",13
"GO:0030057","CC","GO:0030057","desmosome","5/612","25/19550",0.000933987403985991,0.0161651666074498,0.0136505851351799,"DSC3/DSC2/PERP/PPL/POF1B",5
"GO:0099055","CC","GO:0099055","integral component of postsynaptic membrane","11/612","117/19550",0.00111807803275963,0.0186346338793271,0.015735913053654,"LRFN1/KCNA1/SLC16A3/DAGLA/SLC6A6/SLC6A9/CLSTN2/ADORA1/PTPRO/GRIA1/DRD2",11
"GO:0031045","CC","GO:0031045","dense core granule","5/612","27/19550",0.0013477796268845,0.0216607440035009,0.0182912949362896,"SYT8/DMXL2/SLC6A9/BACE2/SOD1",5
"GO:0005769","CC","GO:0005769","early endosome","24/612","394/19550",0.00155758112124633,0.0234546835978022,0.0198061772603663,"LIPG/ATP13A4/SORCS2/MCOLN3/MME/RUFY1/GPER1/SNX5/SORT1/DOP1B/DAGLA/TLR4/TBC1D16/DERL1/TOM1/APPL2/TPCN1/ARRDC4/F2RL1/F2R/RASGEF1B/GRIA1/DKK1/SLC35D3",24
"GO:0043679","CC","GO:0043679","axon terminus","11/612","122/19550",0.00157247579056036,0.0234546835978022,0.0198061772603663,"GPER1/KCNA1/CYFIP1/SLC18A2/AAK1/CAD/CDH8/UNC13C/TANC1/ADORA1/DRD2",11
"GO:0044306","CC","GO:0044306","neuron projection terminus","12/612","141/19550",0.00161576709229304,0.0234546835978022,0.0198061772603663,"MME/GPER1/KCNA1/CYFIP1/SLC18A2/AAK1/CAD/CDH8/UNC13C/TANC1/ADORA1/DRD2",12
"GO:0098858","CC","GO:0098858","actin-based cell projection","16/612","221/19550",0.00166906610384094,0.0234712420852632,0.0198201599831111,"PDZK1/PROM2/MYO3B/CYFIP1/PLS1/SLC6A6/AKR1B1/CDC14A/IQGAP2/SYNE2/PDGFA/ACP3/RIPOR2/GPM6A/VIL1/PROM1",16
"GO:0005774","CC","GO:0005774","vacuolar membrane","26/612","444/19550",0.00176728614370328,0.0240993565050448,0.0203505677153711,"LRP2/ATP10B/PIGR/MCOLN3/PLEKHM1/SORT1/EVA1A/ENPP1/VMP1/LAMTOR3/TOM1/TPCN1/RHEB/TMEM9/GRN/TSPAN1/GDAP2/ACP3/HLA-DMA/MGST1/ELAPOR1/SLC3A2/GLIPR1/ITM2C/CD74/GPR137C",26
"GO:0098791","CC","GO:0098791","Golgi apparatus subcompartment","23/612","384/19550",0.00239230682435803,0.0316628844400327,0.0267375468604721,"CHST4/CRACR2A/MME/ATP7B/GPER1/COG7/SORT1/DOP1B/ST6GAL2/SLC9A7/ATL1/ATP2C2/GALNT1/KLHL20/BACE2/GRN/B4GALT4/ELAPOR1/LGR5/CD74/GCNT1/RAB27B/MS4A7",23
"GO:0031253","CC","GO:0031253","cell projection membrane","21/612","346/19550",0.00310536405306125,0.0393876688297234,0.0332606981228775,"LRP2/SLC34A2/SLC7A9/SLC5A6/PDZK1/GPER1/SHANK2/PROM2/FERMT1/DAGLA/SLC6A6/DMTN/SYNE2/APPL2/RIPOR2/ADORA1/TACR3/GRIA1/PROM1/MPP2/DRD2",21
"GO:0032589","CC","GO:0032589","neuron projection membrane","7/612","62/19550",0.00315101350637787,0.0393876688297234,0.0332606981228775,"GPER1/DAGLA/RIPOR2/ADORA1/TACR3/GRIA1/MPP2",7
"GO:0005925","CC","GO:0005925","focal adhesion","24/612","418/19550",0.00334953409405812,0.0403032037616464,0.0340338165098347,"MME/FERMT1/ITGB4/CYFIP1/FOCAD/HSP90B1/LMO7/RSU1/FLNB/ALCAM/LAMTOR3/TNS1/SYNE2/PALLD/FLT1/CD9/ITGB6/ITGB5/TNFSF13B/CDH13/SDC4/NEDD9/EFNB2/AVIL",24
"GO:0005802","CC","GO:0005802","trans-Golgi network","17/612","259/19550",0.00340338165098347,0.0403032037616464,0.0340338165098347,"CHST4/CRACR2A/MME/ATP7B/GPER1/COG7/DOP1B/SLC9A7/ATP2C2/KLHL20/BACE2/GRN/ELAPOR1/LGR5/CD74/GCNT1/MS4A7",17
"GO:0005911","CC","GO:0005911","cell-cell junction","27/612","494/19550",0.00379290894448255,0.0437643339747987,0.03695654868983,"GJB1/DSC3/TSPAN33/CAMSAP3/DSC2/FRMD4A/CNKSR1/RAPGEF2/AKR1B1/FRMD5/SLC2A1/PERP/CDH8/ATP1A1/CDH6/USP53/JAG1/PPL/MARVELD2/VSIG10/MAGI2/LAMA1/EFNB2/CADM1/CLDN1/POF1B/IGSF11",27
"GO:0030055","CC","GO:0030055","cell-substrate junction","24/612","425/19550",0.00412139825868307,0.0447203600830694,0.037763859625703,"MME/FERMT1/ITGB4/CYFIP1/FOCAD/HSP90B1/LMO7/RSU1/FLNB/ALCAM/LAMTOR3/TNS1/SYNE2/PALLD/FLT1/CD9/ITGB6/ITGB5/TNFSF13B/CDH13/SDC4/NEDD9/EFNB2/AVIL",24
"GO:0062023","CC","GO:0062023","collagen-containing extracellular matrix","24/612","425/19550",0.00412139825868307,0.0447203600830694,0.037763859625703,"MATN3/SERPINA1/COL24A1/ADAMTSL4/ITGB4/HMCN2/HSP90B1/PRELP/HTRA1/TMEFF2/FBLN2/P3H2/SERPINE2/LAMA1/CDH13/SERPINB6/THBS1/COL21A1/SFRP2/ITIH2/CTSL/WNT5B/LAMB3/KNG1",24
"GO:0031094","CC","GO:0031094","platelet dense tubular network","3/612","11/19550",0.00417390027441981,0.0447203600830694,0.037763859625703,"ATP2A3/DMTN/F2R",3
"GO:0031228","CC","GO:0031228","intrinsic component of Golgi membrane","7/612","67/19550",0.00487503131229455,0.0489957737103978,0.0413742089110026,"CHST4/ERGIC1/SLC35A5/SGMS2/ACER2/A4GALT/TVP23A",7
"GO:0005782","CC","GO:0005782","peroxisomal matrix","6/612","51/19550",0.00500072144403923,0.0489957737103978,0.0413742089110026,"TYSND1/CROT/LONP2/NUDT19/ACOX2/DAO",6
"GO:0031907","CC","GO:0031907","microbody lumen","6/612","51/19550",0.00500072144403923,0.0489957737103978,0.0413742089110026,"TYSND1/CROT/LONP2/NUDT19/ACOX2/DAO",6
"GO:0005777","CC","GO:0005777","peroxisome","11/612","142/19550",0.00511733636530821,0.0489957737103978,0.0413742089110026,"DEPP1/TYSND1/CROT/LONP2/PXMP2/NUDT19/SOD1/MGST1/SERHL2/ACOX2/DAO",11
"GO:0042579","CC","GO:0042579","microbody","11/612","142/19550",0.00511733636530821,0.0489957737103978,0.0413742089110026,"DEPP1/TYSND1/CROT/LONP2/PXMP2/NUDT19/SOD1/MGST1/SERHL2/ACOX2/DAO",11
"GO:0015081","MF","GO:0015081","sodium ion transmembrane transporter activity","17/594","152/18368",8.80178332262767e-06,0.00507213765271164,0.00457735406982373,"SLC34A2/SLC5A6/ASIC2/MFSD2A/SLC9A7/SLC6A6/SLC18A2/SLC6A9/SCN3A/SLC4A4/ATP1A1/TPCN1/SCN9A/SLC3A2/SCNN1G/SLC38A2/SLC13A5",17
"GO:0046943","MF","GO:0046943","carboxylic acid transmembrane transporter activity","17/594","163/18368",2.21829290454716e-05,0.00507213765271164,0.00457735406982373,"SLC26A7/SLC7A4/SLC7A9/SLC5A6/MFSD2A/SLC16A6/SLC16A3/SLC19A2/SLC16A14/SLC6A6/SLC6A9/SLC47A1/SLC3A2/SLC38A2/SLC1A4/SLC26A5/SLC13A5",17
"GO:0005342","MF","GO:0005342","organic acid transmembrane transporter activity","17/594","164/18368",2.40208539520665e-05,0.00507213765271164,0.00457735406982373,"SLC26A7/SLC7A4/SLC7A9/SLC5A6/MFSD2A/SLC16A6/SLC16A3/SLC19A2/SLC16A14/SLC6A6/SLC6A9/SLC47A1/SLC3A2/SLC38A2/SLC1A4/SLC26A5/SLC13A5",17
"GO:0046873","MF","GO:0046873","metal ion transmembrane transporter activity","31/594","430/18368",2.89915820992287e-05,0.00507213765271164,0.00457735406982373,"SLC39A4/ABCC8/SLC34A2/SLC5A6/SLC41A2/ASIC2/ATP2A3/MCOLN3/MFSD2A/ATP7B/TRPM3/KCNA1/SLC9A7/SLC6A6/SLC18A2/ATP2C2/SLC6A9/SCN3A/SLC4A4/ATP1A1/TPCN1/TRPV6/SLC39A10/SCN9A/SLC3A2/SCNN1G/SLC38A2/GPM6A/KCNE2/SLC13A5/KCNE3",31
"GO:0008514","MF","GO:0008514","organic anion transmembrane transporter activity","18/594","185/18368",3.28932402899587e-05,0.00507213765271164,0.00457735406982373,"SLC26A7/SLC7A9/SLC5A6/MFSD2A/SLC44A4/SLC16A3/SLC19A2/SLC6A6/SLC6A9/SLC2A1/SLC4A4/SLC47A1/SLC3A2/SLC38A2/SLC1A4/SLC26A5/SLC13A5/SLC35D3",18
"GO:0004867","MF","GO:0004867","serine-type endopeptidase inhibitor activity","12/594","98/18368",7.53717039887989e-05,0.00968526396256066,0.00874047304150808,"SERPINA1/SPINK7/A2ML1/TFPI/SERPINE2/SERPINB6/WFDC2/ITIH2/SERPINI2/SERPINB5/SERPINI1/SERPIND1",12
"GO:0005096","MF","GO:0005096","GTPase activator activity","31/594","462/18368",0.000110238167157692,0.0101130109587421,0.0091264936087494,"ARFGEF3/RASAL1/PLCD4/ALDH1A1/ARHGEF9/TBC1D8/TBC1D9/GARNL3/AGFG2/GMIP/DOCK9/DOCK5/SIPA1L1/ARHGAP27/ARHGAP1/RAPGEF5/TBC1D16/RAPGEF2/LLGL2/RAP1GAP2/IQGAP2/DOCK11/LAMTOR3/ARHGEF28/ERRFI1/ARHGAP18/ARHGAP28/PLCB1/ALS2CL/RASGEF1B/VAV3",31
"GO:0015291","MF","GO:0015291","secondary active transmembrane transporter activity","20/594","240/18368",0.000110781404677815,0.0101130109587421,0.0091264936087494,"SLC26A7/SLC34A2/SLC5A6/MFSD2A/SLC16A6/SLC16A3/SLC9A7/SLC16A14/SLC6A6/SLC18A2/SLC6A9/SLC4A4/SLC47A1/SLC3A2/SLC38A2/SLC1A4/SLC26A5/SLC15A2/SLC13A5/SLC35D3",20
"GO:0030695","MF","GO:0030695","GTPase regulator activity","32/594","488/18368",0.000131167457311829,0.0101130109587421,0.0091264936087494,"ARFGEF3/RASAL1/PLCD4/ALDH1A1/ARHGEF9/TBC1D8/TBC1D9/GARNL3/AGFG2/GMIP/DOCK9/DOCK5/SIPA1L1/ARHGAP27/ARHGAP1/RAPGEF5/TBC1D16/RAPGEF2/LLGL2/RAP1GAP2/IQGAP2/DOCK11/LAMTOR3/ARHGEF28/ERRFI1/ARHGAP18/ARHGAP28/PLCB1/ALS2CL/RASGEF1B/RIMS1/VAV3",32
"GO:0060589","MF","GO:0060589","nucleoside-triphosphatase regulator activity","32/594","488/18368",0.000131167457311829,0.0101130109587421,0.0091264936087494,"ARFGEF3/RASAL1/PLCD4/ALDH1A1/ARHGEF9/TBC1D8/TBC1D9/GARNL3/AGFG2/GMIP/DOCK9/DOCK5/SIPA1L1/ARHGAP27/ARHGAP1/RAPGEF5/TBC1D16/RAPGEF2/LLGL2/RAP1GAP2/IQGAP2/DOCK11/LAMTOR3/ARHGEF28/ERRFI1/ARHGAP18/ARHGAP28/PLCB1/ALS2CL/RASGEF1B/RIMS1/VAV3",32
"GO:0022853","MF","GO:0022853","active ion transmembrane transporter activity","21/594","267/18368",0.000169758224205727,0.0118985082602378,0.0107378168612426,"SLC26A7/ABCC8/SLC34A2/ATP13A4/SLC5A6/ATP2A3/MFSD2A/ATP7B/SLC9A7/SLC6A6/SLC18A2/ATP2C2/SLC6A9/SLC4A4/SLC47A1/ATP1A1/SLC3A2/SLC38A2/SLC26A5/SLC15A2/SLC13A5",21
"GO:0015293","MF","GO:0015293","symporter activity","14/594","144/18368",0.000243367561459397,0.0145101395473997,0.013094685290233,"SLC34A2/SLC5A6/MFSD2A/SLC16A6/SLC16A3/SLC16A14/SLC6A6/SLC18A2/SLC6A9/SLC4A4/SLC38A2/SLC1A4/SLC15A2/SLC13A5",14
"GO:1901682","MF","GO:1901682","sulfur compound transmembrane transporter activity","8/594","52/18368",0.000244658643471071,0.0145101395473997,0.013094685290233,"SLC26A7/SLC7A9/SLC5A6/SLC44A4/SLC19A2/SLC6A6/SLC1A4/SLC26A5",8
"GO:0015370","MF","GO:0015370","solute:sodium symporter activity","9/594","73/18368",0.000559164580143069,0.0288920019380607,0.026073606773238,"SLC34A2/SLC5A6/MFSD2A/SLC6A6/SLC18A2/SLC6A9/SLC4A4/SLC38A2/SLC13A5",9
"GO:0001530","MF","GO:0001530","lipopolysaccharide binding","6/594","33/18368",0.000586356310963756,0.0288920019380607,0.026073606773238,"TLR4/NINJ1/CD14/LY96/P2RX7/LBP",6
"GO:0008509","MF","GO:0008509","anion transmembrane transporter activity","22/594","314/18368",0.00059957461868868,0.0288920019380607,0.026073606773238,"SLC26A7/SLC7A9/SLC5A6/MFSD2A/SLC44A4/SLC16A3/SLC19A2/SLC9A7/SLC6A6/SLC18A2/SLC6A9/SLC2A1/SLC4A4/SLC47A1/SLC3A2/ANO5/SLC38A2/SLC1A4/SLC26A5/SLC13A5/BEST2/SLC35D3",22
"GO:0022804","MF","GO:0022804","active transmembrane transporter activity","26/594","406/18368",0.00077668749630152,0.035225062332263,0.031788881427573,"SLC26A7/ABCC8/SLC34A2/ATP13A4/SLC5A6/ATP2A3/MFSD2A/ATP7B/SLC16A6/SLC16A3/SLC9A7/SLC16A14/SLC6A6/SLC18A2/ATP2C2/SLC6A9/SLC4A4/SLC47A1/ATP1A1/SLC3A2/SLC38A2/SLC1A4/SLC26A5/SLC15A2/SLC13A5/SLC35D3",26
"GO:0016805","MF","GO:0016805","dipeptidase activity","4/594","15/18368",0.0011118888581669,0.0476259060914824,0.0429800313010716,"CNDP2/CNDP1/CPQ/FOLH1",4
